Student_ID,Name,Department,Python,NumPy,Pandas,AI,Attendance
101,Aarav,CSE,82,78,85,80,92
102,Priya,CSE,75,81,79,83,88
103,Rahul,CSE,91,89,94,92,95
104,Ananya,CSE,68,72,70,74,82
105,Vikash,CSE,55,59,57,61,76
106,Neha,CSE,88,92,90,89,94
107,Rohan,CSE,72,70,75,73,85
108,Sneha,CSE,95,94,96,97,98
109,Aman,CSE,61,65,63,68,79
110,Kavya,CSE,79,75,82,78,90
111,Arjun,CSE,84,86,88,85,93
112,Pooja,CSE,67,62,65,69,80
113,Aditya,CSE,93,90,92,95,96
114,Simran,CSE,58,61,60,64,74
115,Karan,CSE,76,73,78,80,87
116,Isha,CSE,89,91,87,90,91
117,Mohit,CSE,64,68,66,70,78
118,Nisha,CSE,81,79,84,82,89
119,Sahil,CSE,70,74,72,76,84
120,Riya,CSE,97,96,98,99,99
